TRAP,AKB,Area,Notes
8048,2700001,Borisovo,
9200,2700063,Yambol,
8356,2700064,Yambol,
8351,2700065,Yambol,second TRAP number 9227
9227,2700065,Yambol,second TRAP number 8351
8353,2700066,Yambol,second TRAP number 9257
9257,2700066,Yambol,second TRAP number 8353
8352,2700067,Yambol,second TRAP number 9258
9258,2700067,Yambol,second TRAP number 8352
9167,2700068,Yambol,
8354,2700069,Yambol,
8355,2700070,Yambol,
8431,2700072,Zavoy,
8430,2700073,Zavoy,
8519,2700083,Popovo,
8651,2700086,Pchela,
8652,2700087,Pchela,
8167,2700113,Saransko,
8169,2700114,Saransko,
8773,2700115,Polyana,
9903,2700116,Aleksandrovo,
9904,2700117,Aleksandrovo,
8774,2700118,Polyana,
9979,2700119,Straldzha,
9978,2700120,Straldzha,
9977,2700122,Straldzha,
9976,2700123,Straldzha,
9974,2700124,Straldzha,
9973,2700125,Straldzha,
9975,2700126,Straldzha,
9971,2700127,Straldzha,
9970,2700128,Straldzha,
9968,2700129,Straldzha,
8147,2700130,Straldzha,
8148,2700131,Straldzha,
9175,2700132,Bezmer,
9174,2700133,Bezmer,
9171,2700134,Bezmer,
9172,2700135,Bezmer,
9173,2700136,Bezmer,
9170,2700137,Bezmer,
9169,2700138,Bezmer,
9168,2700139,Bezmer,
9179,2700140,Bezmer,
9180,2700141,Bezmer,
9178,2700142,Bezmer,
8039,2700147,Borisovo,
8045,2700148,Borisovo,
8047,2700149,Borisovo,Excavated by Neli Tancheva
8043,2700151,Borisovo,Excavated by Daniela Agre
8049,2700152,Borisovo,
8374,2700191,Lozenets,
8369,2700193,Lozenets,
8370,2700194,Lozenets,
8371,2700195,Lozenets,
8379,2700196,Lozenets,
8377,2700197,Lozenets,
8381,2700198,Lozenets,
8366,2700199,Lozenets,
8375,2700200,Lozenets,
8364,2700202,Lozenets,
8372,2700203,Lozenets,
8363,2700204,Lozenets,
8362,2700205,Lozenets,
8434,2700216,Mogila,second TRAP number 9216
9216,2700216,Mogila,second TRAP number 8434
8358,2700219,Mogila,
8348,2700220,Mogila,Excavated by Piotr - Rome; second TRAP number 9223
9223,2700220,Mogila,second TRAP number 8348
8357,2700221,Mogila,Excavated by Volker EBA; second TRAP number 9220
9220,2700221,Mogila,second TRAP number 8357
8345,2700222,Mogila,Excavated by Ilia EBA
8349,2700226,Mogila,Excavated by Piotr - Rome; second TRAP number 9222
9222,2700226,Mogila,second TRAP number 8349
9217,2700229,Mogila,
9215,2700230,Mogila,
9191,2700231,Mogila,
9190,2700232,Mogila,
9689,2700235,Popovo,
8689,2700263,Straldzha,
8155,2700264,Straldzha,
8146,2700265,Straldzha,
8156,2700266,Straldzha,
9196,2700269,Charda,
9195,2700271,Charda,
6000,2700280,Karavelovo,
6001,2700281,Karavelovo,
6002,2700282,Karavelovo,
6003,2700283,Karavelovo,
6006,2700284,Karavelovo,
6005,2700285,Karavelovo,
6004,2700286,Karavelovo,
6009,2700287,Boyanovo,Excavated by Ilia Iliev EBA
6010,2700288,Boyanovo,
9357,2700289,Boyanovo,Excavated by Daniela Agre EBA
6012,2700290,Boyanovo,
6013,2700291,Boyanovo,
6015,2790000,Borisovo,
6016,2790001,Borisovo,
6017,2790002,Borisovo,
6019,2790004,Karavelovo,
6020,2790005,Karavelovo,
6022,2790007,Robovo,
6023,2790008,Stroyno,
6024,2790009,Stroyno,
6025,2790010,Stroyno,
8203,2790014,Karavelovo,
7002,2790015,Karavelovo,
7003,2790016,Karavelovo,
7004,2790017,Boyanovo,Excavated by Ilia Iliev 
7005,2790018,Boyanovo,Excavated by Daniela Agre
7006,2790019,Stroyno,
7007,2790020,Slamino,
7010,2790022,Robovo,
7011,2790023,Robovo,
7012,2790024,Robovo,
7013,2790025,Robovo,
7014,2790026,Robovo,
7016,2790027,Robovo,
7017,2790028,Robovo,
7018,2790029,Robovo,
8000,2790032,Karavelovo,
8004,2790033,Karavelovo,
8006,2790035,Karavelovo,
8007,2790036,Boyanovo,Excavated by Ilia Iliev EBA
8008,2790037,Boyanovo,
8009,2790038,Boyanovo,
7021,2790039,Robovo,
7022,2790045,Robovo,
8013,2790048,Slamino,
8014,2790049,Slamino,
8015,2790050,Slamino,
8017,2790051,Robovo,
9713,10000427,Gorska polyana,
9714,10000429,Gorska polyana,
9707,10000430,Gorska polyana,
9715,10000432,Gorska polyana,
9734,10000436,Golyamo Krushevo,
8549,10000437,Oman,
8686,10000542,Straldzha,
8386,10000665,Lozenets,
9065,10000740,General Inzovo,
9067,10000741,General Inzovo,
8273,10000779,Malko Sharkovo,
9083,10000903,Bolyarsko,
9085,10000904,Bolyarsko,
9086,10000905,Bolyarsko,
9087,10000906,Bolyarsko,
9013,10000907,Botevo,Excavated by Stefan Bakardzhiev 
9011,10000908,Botevo,
9014,10000909,Botevo,
9015,10000910,Botevo,
9016,10000911,Botevo,
9017,10000912,Botevo,
9018,10000913,Botevo,
9019,10000914,Botevo,
9020,10000915,Botevo,
9021,10000917,Botevo,
9022,10000918,Botevo,
9023,10000919,Botevo,
9037,10000921,Botevo,
9038,10000922,Botevo,
9039,10000923,Botevo,
9040,10000924,Botevo,
9043,10000925,Botevo,
8685,10001125,Malenovo,
9193,10001210,Dzhinot,
9194,10001211,Dzhinot,
9110,10001212,Galabintsi,
9400,10001216,Galabintsi,
9401,10001217,Galabintsi,
9402,10001218,Galabintsi,
9403,10001219,Galabintsi,
9404,10001220,Galabintsi,
9088,10001221,Ovchi Kladenetz,
9136,10001222,Pchela,
9137,10001224,Pchela,
9138,10001225,Pchela,
9139,10001226,Pchela,
9140,10001227,Pchela,
9355,10001228,Roza,
9356,10001229,Roza,
9071,10001230,Skalitsa,
9337,10001232,Skalitsa,
9261,10001233,Vodenichane,
9262,10001234,Vodenichane,
9263,10001235,Vodenichane,
9264,10001236,Vodenichane,
9265,10001237,Vodenichane,
9266,10001238,Vodenichane,
9267,10001239,Vodenichane,
9268,10001240,Vodenichane,
9270,10001241,Vodenichane,
9271,10001242,Vodenichane,
9272,10001243,Vodenichane,
9273,10001244,Vodenichane,
9279,10001245,Vodenichane,
9280,10001246,Vodenichane,
9281,10001247,Vodenichane,
9197,10001248,Zimnica,
9198,10001249,Zimnica,
9300,10001250,Zimnica,
9301,10001251,Zimnitsa,
9199,10001252,Charda,
9274,10001253,Straldzha,
9275,10001254,Straldzha,
9276,10001255,Straldzha,
9277,10001256,Straldzha,
9278,10001257,Straldzha,
9373,10001258,Zhrebino,
9376,10001259,Zhrebino,
9377,10001260,Zhrebino,
9378,10001261,Zhrebino,
9370,10001262,Zhrebino,
9371,10001263,Zhrebino,
9374,10001264,Zhrebino,
9375,10001265,Zhrebino,
9078,10001266,Boyadzhik,
9079,10001267,Boyadzhik,
9080,10001268,Boyadzhik,
9081,10001269,Boyadzhik,
9082,10001270,Boyadzhik,
9405,10001271,Boyadzhik,
9406,10001272,Boyadzhik,
9407,10001273,Boyadzhik,
9365,10001274,Dobrich,second TRAP number 9829
9829,10001274,Dobrich,second TRAP number 9365
9156,10001275,Konevets,
9157,10001276,Konevets,
9366,10001277,Popovo,
9367,10001278,Popovo,
9368,10001279,Popovo,
9369,10001280,Popovo,
9358,10001286,Boyanovo,
9359,10001287,Boyanovo,
9360,10001288,Boyanovo,Excavated by Daniela Agre 
9054,10001289,General Inzovo,
9056,10001290,General Inzovo,
9057,10001291,General Inzovo,
9058,10001292,General Inzovo,
9059,10001293,General Inzovo,
9060,10001294,General Inzovo,
9061,10001295,General Inzovo,
9066,10001296,General Inzovo,
9068,10001297,General Inzovo,
9352,10001298,General Inzovo,
9351,10001299,General Inzovo,
9069,10001300,General Toshevo,
9332,10001301,General Toshevo,
9334,10001302,General Toshevo,
9335,10001303,General Toshevo,
9336,10001304,General Toshevo,
9166,10001305,Golyam Manastir,
9228,10001306,Golyam Manastir,
9230,10001307,Golyam Manastir,
9112,10001308,Kozarevo,
9113,10001309,Kozarevo,
9114,10001310,Kozarevo,
9115,10001311,Kozarevo,
9116,10001312,Kozarevo,
9117,10001313,Kozarevo,
9118,10001314,Kozarevo,
9236,10001315,Krumovo,
9237,10001316,Krumovo,
9238,10001317,Krumovo,
9239,10001318,Krumovo,
9240,10001319,Krumovo,
9245,10001320,Krumovo,
9282,10001321,Krumovo,
9283,10001322,Krumovo,
9284,10001323,Krumovo,
9285,10001324,Krumovo,
9286,10001325,Krumovo,
9287,10001326,Krumovo,
9288,10001327,Krumovo,
9291,10001328,Krumovo,
9292,10001329,Krumovo,
9125,10001330,Malak Manastir,
9126,10001331,Malak Manastir,
9127,10001332,Malak Manastir,
9128,10001333,Malak Manastir,
9130,10001334,Malak Manastir,
9131,10001335,Malak Manastir,
9132,10001336,Malak Manastir,
9133,10001337,Malak Manastir,
9134,10001338,Malak Manastir,
9135,10001339,Malak Manastir,
9234,10001340,Malak Manastir,
9072,10001341,Mezhda,
9073,10001342,Mezhda,
9076,10001343,Mezhda,
9338,10001344,Savino,
9119,10001345,Miladinovtsi,
9120,10001346,Miladinovtsi,
9121,10001347,Miladinovtsi,
9122,10001348,Miladinovtsi,
9123,10001349,Miladinovtsi,
9124,10001350,Miladinovtsi,
9289,10001351,Miladinovtsi,
9290,10001352,Miladinovtsi,
9340,10001353,Mezhda,
9341,10001354,Mezhda,
9201,10001355,Yambol,
9025,10001361,Meden Kladenets,
9026,10001362,Meden Kladenets,
9027,10001363,Meden Kladenets,
9028,10001364,Miladinovtsi,
9029,10001365,Miladinovtsi,
9030,10001366,Meden Kladenets,
9048,10001367,Meden Kladenets,
9049,10001368,Meden Kladenets,
9050,10001369,Meden Kladenets,
9319,10001370,Drazhevo,
9409,10001371,Drazhevo,
9413,10001372,Drazhevo,
9414,10001373,Drazhevo,
9418,10001374,Drazhevo,
9419,10001375,Drazhevo,
9430,10001376,Drazhevo,Excavated by Ilia Iliev
9431,10001377,Drazhevo,Excavated by Ilia Iliev
9158,10001378,Malomir,
9161,10001379,Malomir,
9162,10001380,Dryanovo,
9163,10001381,Dryanovo,
9164,10001382,Dryanovo,
9165,10001383,Dryanovo,
9229,10001384,Dryanovo,
9248,10001385,Dryanovo,
9249,10001386,Dryanovo,
9250,10001387,Dryanovo,
9251,10001388,Dryanovo,
9448,10001389,Dryanovo,
9449,10001390,Dryanovo,
9450,10001391,Dryanovo,
9451,10001392,Dryanovo,
9442,10001393,Izgrev,
9443,10001394,Izgrev,
9444,10001395,Izgrev,
9293,10001396,Krumovo,
9347,10001397,Botevo,
9348,10001398,Botevo,
9349,10001399,Botevo,
9350,10001400,General Inzovo,
9410,10001402,Drazhevo,
9044,10001403,Botevo,
9045,10001404,Botevo,
9342,10001405,Botevo,
9343,10001406,Botevo,
9344,10001407,Botevo,
9345,10001408,Botevo,
9346,10001409,Botevo,
9182,10001417,Chargan,
9183,10001419,Chargan,
9184,10001420,Chargan,
9185,10001421,Chargan,
9186,10001422,Chargan,
9187,10001423,Chargan,
9188,10001424,Chargan,
9189,10001425,Chargan,
9204,10001426,Chargan,
9205,10001427,Chargan,
9206,10001428,Chargan,
9207,10001430,Chargan,
9208,10001431,Chargan,
9209,10001432,Chargan,
9210,10001433,Chargan,
9211,10001434,Chargan,
9212,10001435,Chargan,
9213,10001436,Chargan,
9214,10001437,Chargan,
9177,10001442,Bezmer,
9323,10001445,Kabile,
9324,10001446,Kabile,
9326,10001448,Kabile,
9420,10001449,Kabile,
9422,10001450,Kabile,
9423,10001451,Kabile,
9424,10001452,Kabile,
9425,10001453,Kabile,
9426,10001454,Kabile,
9064,10001457,Malomir,
9063,10001458,Malomir,
8051,10001459,Stroyno,
8056,10001460,Stroyno,
8057,10001461,Stroyno,
8060,10001462,Stroyno,
9361,10001463,Boyanovo,
9362,10001464,Boyanovo,
9363,10001465,Stroyno,
9364,10001466,Stroyno,
9192,10001467,Charda,
9141,10001468,Trankovo,
9151,10001469,Trankovo,
9155,10001470,Trankovo,
9445,10001471,Izgrev,
9446,10001472,Izgrev,
9142,10001473,Trankovo,
9144,10001474,Trankovo,
9145,10001475,Trankovo,
9147,10001476,Trankovo,
9148,10001477,Trankovo,
9149,10001478,Trankovo,
9154,10001479,Trankovo,
9150,10001480,Trankovo,
9447,10001481,Izgrev,
9318,10001482,Hadzhidimitrovo,
9321,10001483,Hadzhidimitrovo,
9322,10001484,Hadzhidimitrovo,
9415,10001485,Hadzhidimitrovo,
9416,10001486,Hadzhidimitrovo,
9417,10001487,Hadzhidimitrovo,
9314,10001488,Drazhevo,
9315,10001489,Drazhevo,
9412,10001490,Drazhevo,
9317,10001491,Drazhevo,
9411,10001492,Drazhevo,
9316,10001500,Drazhevo,
9062,10001501,Malomir,
8058,10001502,Stroyno,
8059,10001503,Stroyno,
9143,10001504,Trankovo,
9146,10001505,Trankovo,
9231,10001507,Krumovo,
9235,10001508,Krumovo,
9241,10001509,Krumovo,
9242,10001510,Krumovo,
9243,10001511,Krumovo,
9244,10001512,Krumovo,
9246,10001513,Krumovo,
9247,10001514,Drama,
9252,10001515,Drama,
9253,10001516,Drama,
9254,10001517,Drama,
9255,10001518,Drama,
9256,10001519,Malak Manastir,
9232,10001520,Krumovo,
9233,10001521,Malak Manastir,
9379,10001523,Kirilovo,
9380,10001524,Kirilovo,Excavated by Daniela Agre
9381,10001525,Kirilovo,Excavated by Daniela Agre
9384,10001526,Kirilovo,
9383,10001527,Kirilovo,
8602,10001528,Kirilovo,
9385,10001529,Kirilovo,
9386,10001530,Kirilovo,
9387,10001531,Kirilovo,
9452,10001532,Kirilovo,
9389,10001533,Kirilovo,
9390,10001534,Kirilovo,
9391,10001535,Kirilovo,
9392,10001536,Kirilovo,
9388,10001537,Kirilovo,
8799,10001646,Elhovo,
8601,10001650,Elhovo,
8668,10001855,Palauzovo,
8677,10001856,Palauzovo,
9969,10001857,Straldzha,Excavated by St. Alexandrov
8798,10002197,Elhovo,
8606,10002199,Elhovo,
8605,10002202,Elhovo,
8604,10002203,Elhovo,
9325,10004312,Kabile,Excavated R. Mikov (LiDL)
9827,10004841,Chernozem,Excavated by Daniela Agre
9382,10005774,Kirilovo,Excavated by Daniela Agre
8516,10006419,Voden,
8241,10006422,Voden,
8242,10006423,Voden,
8248,10006424,Voden,
8249,10006425,Voden,
8251,10006426,Voden,
8253,10006427,Voden,
8254,10006428,Voden,
8530,10006429,Voden,
9727,10006436,Gorska polyana,
9729,10006437,Gorska polyana,
9804,10006439,Bolyarovo,
8233,10006442,Bolyarovo,
8234,10006443,Bolyarovo,
8235,10006444,Bolyarovo,
8238,10006445,Bolyarovo,
8542,10006448,Bolyarovo,
9648,10006449,Bolyarovo,
9650,10006450,Bolyarovo,
9651,10006451,Bolyarovo,
9652,10006452,Bolyarovo,
9657,10006453,Bolyarovo,
9661,10006454,Bolyarovo,
8556,10006455,Bolyarovo,
8548,10006458,Stefan Karadzhovo,
8264,10006465,Dabovo,
8265,10006466,Dabovo,
8267,10006467,Dabovo,
8258,10006468,Popovo,
8259,10006469,Popovo,
8263,10006470,Popovo,
9728,10006513,Valchi izvor,Excavated by Daniela Agre
9731,10006514,Valchi izvor,
8513,10006516,Kraynovo,
8514,10006518,Kraynovo,
8520,10006558,Popovo,
8261,10006559,Popovo,
9737,10006560,Popovo,
9688,10006561,Popovo,
8532,10006706,Iglika,
8527,10006804,Strandzha,
8528,10006805,Strandzha,
8027,10007019,Karavelovo,
9601,10007021,Karavelovo,
9602,10007023,Karavelovo,
9603,10007024,Karavelovo,
9600,10007025,Karavelovo,
9599,10007026,Karavelovo,
9598,10007027,Karavelovo,
9593,10007028,Karavelovo,
9594,10007029,Karavelovo,
9595,10007030,Karavelovo,
8021,10007031,Karavelovo,Second TRAP number 9596
9596,10007031,Karavelovo,Second TRAP number 8021
9592,10007032,Karavelovo,
9591,10007033,Karavelovo,
9597,10007034,Karavelovo,
9590,10007035,Karavelovo,
9589,10007036,Karavelovo,
9588,10007037,Karavelovo,
8214,10007343,Botevo,
8215,10007344,Botevo,
8217,10007345,Meden Kladenets,
8359,10007349,Mogila,second TRAP number 9219
9219,10007349,Mogila,second TRAP number 8359
8350,10007350,Mogila,second TRAP number 9226
9226,10007350,Mogila,second TRAP number 8350
8346,10007351,Mogila,Excavated by Petra - EBA; second TRAP number 9224 
9224,10007351,Mogila,Excavated by Petra - EBA; second TRAP number 8346
8347,10007352,Mogila,second TRAP number 9225
9225,10007352,Mogila,second TRAP number 8347
8730,10007354,Malomirovo,
8731,10007355,Malomirovo,
8501,10007356,Malomirovo,
8502,10007357,Malomirovo,Excavated by Piotr and Stefan Alexandrov EBA
8503,10007358,Malomirovo,
8504,10007359,Malomirovo,
8505,10007360,Malomirovo,
8506,10007361,Malomirovo,
8507,10007362,Malomirovo,
8508,10007363,Malomirovo,
9980,10007969,Straldzha,
8145,10007973,Straldzha,
9181,10007988,Yambol,Geophysical research in 2023
9259,10008487,Yambol,
9746,10008598,Malomirovo,
8753,10008599,Malomirovo,
8735,10008600,Malomirovo,
8736,10008601,Malomirovo,
8737,10008602,Malomirovo,
8740,10008603,Malomirovo,
8741,10008604,Malomirovo,
8669,10008605,Malomirovo,second TRAP number 9740 
9740,10008605,Malomirovo,second TRAP number 8669
8570,10008606,Slaveykovo,
8571,10008607,Slaveykovo,
8733,10008608,Slaveykovo,
8734,10008609,Slaveykovo,
8572,10008610,Slaveykovo,
8573,10008611,Slaveykovo,
8574,10008612,Slaveykovo,
8576,10008613,Slaveykovo,
8577,10008614,Slaveykovo,
8578,10008615,Slaveykovo,
8579,10008616,Slaveykovo,
8521,10009070,Popovo,
9260,10009073,Yambol,
6030,10009124,Golyam Manastir,
9202,10009128,Yambol,
9203,10009129,Mogila,
8360,10009202,Lozenets,
8361,10009203,Lozenets,
8365,10009204,Lozenets,
8367,10009205,Lozenets,
8373,10009206,Lozenets,
8368,10009208,Lozenets,
8376,10009209,Lozenets,
8378,10009210,Lozenets,
8380,10009212,Lozenets,
8384,10009213,Lozenets,
8385,10009214,Lozenets,
8149,10009219,Vodenichane,
8150,10009220,Vodenichane,
8168,10009221,Saransko,
8165,10009222,Saransko,
8163,10009223,Saransko,
8162,10009224,Saransko,
8161,10009225,Saransko,
8160,10009226,Saransko,
8157,10009227,Saransko,
8387,10009228,Saransko,
8388,10009229,Saransko,
8389,10009230,Saransko,
8390,10009231,Asenovo,
8391,10009232,Asenovo,
8392,10009233,Asenovo,
8393,10009234,Asenovo,
8394,10009235,Asenovo,
8395,10009236,Asenovo,
8396,10009237,Asenovo,
8398,10009238,Asenovo,
8399,10009239,Asenovo,
8400,10009240,Asenovo,
8429,10009241,Zavoy,
8154,10009242,Straldzha,
8543,10009295,Golyamo Krushevo,
8544,10009296,Golyamo Krushevo,
8553,10009297,Golyamo Krushevo,
8559,10009298,Golyamo Krushevo,
8560,10009299,Golyamo Krushevo,
9718,10009300,Golyamo Krushevo,
9719,10009301,Golyamo Krushevo,
9720,10009302,Golyamo Krushevo,
8271,10009303,Malko Sharkovo,
8277,10009305,Malko Sharkovo,
8550,10009305,Oman,
8551,10009306,Oman,
8232,10009340,Mamarchevo,
8275,10009341,Mamarchevo,
8276,10009342,Mamarchevo,
8287,10009343,Mamarchevo,
9723,10009344,Mamarchevo,
9724,10009345,Mamarchevo,
9725,10009346,Mamarchevo,
9726,10009347,Mamarchevo,
8546,10009348,Stefan Karadzhovo,
8547,10009349,Stefan Karadzhovo,
9675,10009350,Stefan Karadzhovo,
9679,10009351,Stefan Karadzhovo,
9680,10009352,Stefan Karadzhovo,
9681,10009353,Stefan Karadzhovo,
9683,10009354,Stefan Karadzhovo,
9685,10009355,Stefan Karadzhovo,
9686,10009356,Stefan Karadzhovo,
8554,10009357,Ruzhitsa,
8557,10009358,Ruzhitsa,
8558,10009359,Ruzhitsa,
9733,10009360,Ruzhitsa,
8279,10009361,Mamarchevo,
9732,10009362,Ruzhitsa,Excavated by Daniela Agre
8282,10009364,Sharkovo,
8283,10009365,Sharkovo,
8284,10009366,Sharkovo,
8285,10009367,Sharkovo,
8518,10009368,Sharkovo,
8534,10009369,Sharkovo,
8712,10009370,Sharkovo,
8536,10009371,Sharkovo,
9722,10009372,Malko Sharkovo,
8274,10009373,Malko Sharkovo,
8525,10009374,Popovo,Excavated by Daniela Agre
8526,10009375,Popovo,
9668,10009376,Popovo,
9669,10009377,Popovo,
9691,10009378,Popovo,
9692,10009379,Popovo,
9693,10009380,Popovo,
9694,10009381,Popovo,
9695,10009382,Popovo,
9735,10009383,Popovo,
9736,10009384,Popovo,
8545,10009385,Golyamo Krushevo,
8552,10009386,Golyamo Krushevo,
8281,10009387,Sitovo,
8533,10009388,Sitovo,
8509,10009389,Zlatinitsa,
8510,10009390,Zlatinitsa,
9671,10009391,Zlatinitsa,
9672,10009392,Zlatinitsa,
9673,10009393,Zlatinitsa,
8106,10009399,Galabintsi,
8304,10009400,Galabintsi,
8305,10009401,Galabintsi,
8306,10009402,Galabintsi,
8221,10009403,Bolyarsko,
9644,10009404,Bolyarsko,
9645,10009405,Bolyarsko,
8324,10009406,Zlatari,
9515,10009407,Zlatari,
9528,10009409,Zlatari,
9529,10009410,Zlatari,
9530,10009411,Zlatari,
9531,10009412,Zlatari,
9616,10009413,Zlatari,
9617,10009414,Zlatari,
8323,10009415,Zlatari,
8288,10009428,Dennitsa,
8290,10009429,Dennitsa,
8292,10009430,Dennitsa,
9705,10009431,Dennitsa,
9704,10009432,Dennitsa,
8537,10009433,Dennitsa,
8538,10009434,Dennitsa,
8539,10009435,Dennitsa,
8299,10009463,Kamen vrah,
8700,10009464,Kamen vrah,
8701,10009465,Kamen vrah,
8702,10009466,Kamen vrah,
8703,10009467,Kamen vrah,
8704,10009468,Kamen vrah,
9676,10009469,Kamen vrah,
9698,10009470,Kamen vrah,
9699,10009471,Kamen vrah,
9701,10009472,Kamen vrah,
9703,10009473,Kamen vrah,
8143,10009512,Kozarevo,
8436,10009513,Kozarevo,
8138,10009514,Kalchevo,
8139,10009515,Kalchevo,
8140,10009516,Kalchevo,
8142,10009517,Kalchevo,
8404,10009518,Kalchevo,
8405,10009519,Kalchevo,
8129,10009520,Pobeda,
8130,10009521,Pobeda,
8131,10009523,Pobeda,
8132,10009525,Pobeda,
8133,10009526,Pobeda,
8134,10009528,Pobeda,
8135,10009529,Pobeda,
8136,10009530,Pobeda,
8137,10009531,Pobeda,
8188,10009532,Chelnick,
8189,10009534,Chelnick,
8190,10009535,Chelnick,
8191,10009536,Chelnick,
8193,10009539,Chelnick,
8194,10009541,Chelnick,
8195,10009543,Chelnick,
8196,10009544,Chelnick,
8197,10009545,Chelnick,
8198,10009547,Chelnick,
8199,10009548,Chelnick,
8415,10009559,Malomir,
8416,10009560,Malomir,
8417,10009561,Malomir,
8213,10009562,Meden Kladenets,
8222,10009563,Roza,
8223,10009564,Roza,
8224,10009565,Roza,
8225,10009566,Roza,
8226,10009567,Bezmer,
8173,10009568,Savino,
8402,10009569,Okop,
8403,10009570,Okop,
8206,10009573,Simeonovo,
8406,10009574,Simeonovo,
8407,10009575,Simeonovo,
8408,10009576,Simeonovo,
8409,10009577,Simeonovo,
8411,10009578,Simeonovo,
8412,10009579,Simeonovo,
8413,10009580,Simeonovo,
8414,10009581,Simeonovo,
8204,10009582,Tenevo,
8205,10009583,Tenevo,
8207,10009584,Tenevo,
8208,10009585,Tenevo,
8209,10009586,Tenevo,
8210,10009587,Tenevo,
8420,10009588,Tenevo,
8421,10009589,Tenevo,
8422,10009590,Tenevo,
8423,10009591,Tenevo,
8424,10009592,Tenevo,
8426,10009593,Tenevo,
8427,10009594,Tenevo,
8428,10009595,Tenevo,
8158,10009596,Tamarino,
8159,10009597,Tamarino,
8170,10009598,Slamino,
8397,10009599,Slamino,
8401,10009600,Slamino,
8034,10009627,Karavelovo,Second TRAP number 8201
8201,10009627,Karavelovo,Second TRAP number 8034
8202,10009628,Karavelovo,
9587,10009629,Karavelovo,
9586,10009631,Karavelovo,
9604,10009633,Karavelovo,
9605,10009634,Karavelovo,
9606,10009635,Karavelovo,
9607,10009636,Karavelovo,
9608,10009637,Karavelovo,
9609,10009638,Karavelovo,
9610,10009639,Karavelovo,
9611,10009640,Karavelovo,
9612,10009641,Karavelovo,
9613,10009642,Karavelovo,
8172,10009643,Mezhda,
8325,10009644,Mezhda,
8327,10009645,Mezhda,
8328,10009647,Mezhda,
8329,10009648,Mezhda,
8330,10009649,Mezhda,
8331,10009650,Mezhda,
8332,10009651,Mezhda,
8333,10009652,Mezhda,
8334,10009653,Mezhda,
8335,10009654,Mezhda,
8336,10009655,Mezhda,
8337,10009656,Mezhda,
8649,10009657,Pchela,
8650,10009659,Pchela,
8653,10009661,Pchela,
8772,10009662,Aleksandrovo,
8670,10009663,Mamarchevo,
8637,10009664,Robovo,
8792,10009665,Bogorovo,
8638,10009666,Leyarovo,
8640,10009667,Leyarovo,
8641,10009668,Leyarovo,
9697,10009669,Leyarovo,
8768,10009670,Polyana,
8770,10009671,Polyana,
8771,10009672,Polyana,
8775,10009673,Polyana,
8776,10009674,Polyana,
9905,10009675,Polyana,
9906,10009676,Polyana,
9907,10009677,Polyana,
9908,10009678,Polyana,
9909,10009679,Polyana,
8607,10009682,Lesovo,
8608,10009683,Lesovo,
8610,10009684,Lesovo,
8611,10009685,Lesovo,
8612,10009686,Lesovo,
8672,10009687,Lesovo,
9865,10009688,Lesovo,
9868,10009689,Lesovo,
9869,10009690,Lesovo,
9870,10009691,Lesovo,
8581,10009692,Melnitsa,
8593,10009693,Melnitsa,
8594,10009694,Melnitsa,
8596,10009695,Melnitsa,
9846,10009696,Melnitsa,
9847,10009697,Melnitsa,
9848,10009698,Melnitsa,
9849,10009699,Melnitsa,
9850,10009700,Melnitsa,
9857,10009701,Melnitsa,
9858,10009702,Melnitsa,
9859,10009703,Melnitsa,
9861,10009704,Melnitsa,
9852,10009705,Malko Kirilovo,
8796,10009706,Izgrev,
8797,10009707,Izgrev,
8617,10009708,Golyam Dervent,
8618,10009709,Golyam Dervent,
8619,10009710,Golyam Dervent,
8755,10009711,Golyam Dervent,
8756,10009712,Golyam Dervent,
8757,10009713,Golyam Dervent,
8759,10009714,Golyam Dervent,
8760,10009715,Golyam Dervent,
8614,10009716,Valcha polyana,
8615,10009717,Valcha polyana,
8616,10009718,Valcha polyana,
9866,10009719,Valcha polyana,
8762,10009720,Razdel,
8763,10009721,Razdel,
8765,10009722,Razdel,
9853,10009723,Razdel,
9854,10009724,Razdel,
9855,10009725,Razdel,
9856,10009726,Razdel,
9862,10009727,Razdel,
8591,10009728,Granitovo,
8592,10009729,Granitovo,
8742,10009730,Granitovo,
8743,10009731,Granitovo,
8744,10009732,Granitovo,
8745,10009733,Granitovo,
8746,10009734,Granitovo,
8747,10009735,Granitovo,
8749,10009736,Granitovo,
8750,10009737,Granitovo,
8751,10009738,Granitovo,
8582,10009739,Chernozem,
8583,10009740,Chernozem,
8584,10009741,Chernozem,
8585,10009742,Chernozem,
8586,10009743,Chernozem,
8587,10009744,Chernozem,
8588,10009745,Chernozem,
8589,10009746,Chernozem,
8590,10009747,Chernozem,
8671,10009748,Chernozem,
8767,10009749,Chernozem,
9863,10009750,Chernozem,
9864,10009751,Chernozem,
8580,10009752,Lalkovo,
8624,10009753,Lalkovo,
8626,10009754,Lalkovo,
8627,10009755,Lalkovo,
8629,10009756,Lalkovo,
8630,10009757,Lalkovo,
8632,10009758,Lalkovo,
8633,10009759,Lalkovo,
8634,10009760,Lalkovo,
8738,10009761,Lalkovo,
8761,10009762,Lalkovo,
9839,10009763,Dobrich,
9838,10009764,Dobrich,
9836,10009765,Dobrich,
9830,10009766,Dobrich,
8524,10009767,Dobrich,
8523,10009768,Dobrich,
9670,10009769,Dobrich,
9665,10009770,Dobrich,
9664,10009771,Dobrich,
8647,10009772,Lyulin,
8777,10009773,Lyulin,
8780,10009774,Lyulin,
8781,10009775,Lyulin,
8782,10009776,Lyulin,
8783,10009777,Lyulin,
8784,10009778,Lyulin,
9871,10009779,Lyulin,
9872,10009780,Lyulin,
9873,10009781,Lyulin,
9874,10009782,Lyulin,
9875,10009783,Lyulin,
9876,10009784,Lyulin,
9877,10009785,Lyulin,
9878,10009786,Lyulin,
8654,10009787,Parvenets,
8655,10009788,Parvenets,
8656,10009789,Parvenets,
9882,10009790,Parvenets,
9883,10009791,Parvenets,
9884,10009792,Parvenets,
9885,10009793,Parvenets,
9886,10009794,Parvenets,
9887,10009795,Parvenets,
8657,10009796,Nedyalsko,
8658,10009797,Nedyalsko,
8659,10009798,Nedyalsko,
8660,10009799,Nedyalsko,
8661,10009800,Nedyalsko,
8662,10009801,Nedyalsko,
8663,10009802,Nedyalsko,
8785,10009803,Nedyalsko,
8786,10009804,Nedyalsko,
8787,10009805,Nedyalsko,
8788,10009806,Nedyalsko,
8789,10009807,Nedyalsko,
8791,10009808,Nedyalsko,
8793,10009809,Nedyalsko,
8794,10009810,Nedyalsko,
8795,10009811,Nedyalsko,
9879,10009811,Nedyalsko,
9880,10009812,Nedyalsko,
9896,10009815,Pravdino,
9897,10009816,Pravdino,
9899,10009817,Pravdino,
9959,10009818,Pravdino,
9960,10009819,Pravdino,
9961,10009820,Pravdino,
9962,10009821,Pravdino,
9963,10009822,Pravdino,
9964,10009823,Pravdino,
9962,10009824,Pravdino,Feature 2 on photos
8673,10009827,Malenovo,
8674,10009828,Malenovo,
8687,10009829,Straldzha,
8688,10009830,Straldzha,
9984,10009831,Straldzha,
8151,10009832,Straldzha,
8152,10009833,Straldzha,
8153,10009834,Straldzha,
8635,10009849,Kamenets,
8642,10009850,Kamenets,
8643,10009851,Kamenets,
9911,10009852,Kamenets,
9912,10009853,Kamenets,
9913,10009854,Kamenets,
8664,10009855,Palauzovo,
8666,10009856,Palauzovo,
8675,10009857,Palauzovo,
8678,10009858,Palauzovo,
8679,10009859,Palauzovo,
8681,10009860,Palauzovo,
8682,10009861,Palauzovo,
8683,10009862,Palauzovo,
8684,10009863,Palauzovo,
8174,10009866,Skalitsa,buvsho Kunevo
8175,10009867,Skalitsa,buvsho Kunevo
8176,10009868,Skalitsa,buvsho Kunevo
8177,10009869,Skalitsa,buvsho Kunevo
8178,10009870,Skalitsa,buvsho Kunevo
8598,10009872,Elhovo,
8599,10009873,Elhovo,
8713,10009874,Elhovo,
8714,10009875,Elhovo,
8716,10009876,Elhovo,
8717,10009877,Elhovo,
8718,10009878,Elhovo,
8719,10009879,Elhovo,
8720,10009880,Elhovo,
8721,10009881,Elhovo,
8723,10009882,Elhovo,
8724,10009883,Elhovo,
8727,10009884,Elhovo,
8728,10009885,Elhovo,
8729,10009886,Elhovo,
8107,10009913,Zlatari,
8109,10009914,Zlatari,
8110,10009915,Zlatari,
8117,10009916,Zlatari,
8307,10009917,Zlatari,
8309,10009918,Zlatari,
8316,10009919,Zlatari,
8317,10009920,Zlatari,
8318,10009921,Zlatari,
8319,10009922,Zlatari,
8321,10009923,Zlatari,
8295,10009924,Borisovo,
8297,10009925,Borisovo,
8298,10009926,Borisovo,
8639,10009927,Borisovo,
8644,10009928,Borisovo,
8646,10009929,Borisovo,
9706,10009934,Gorska polyana,
9708,10009935,Gorska polyana,
9709,10009936,Gorska polyana,
9710,10009937,Gorska polyana,
8211,10009938,Boyadzhik,
8219,10009939,Boyadzhik,
8220,10009940,Boyadzhik,
9429,10010013,Drazhevo,Excavated by Ilia Iliev
9070,10010043,General Toshevo,
9084,10010045,Bolyarsko,
9152,10010047,Trankovo,
9339,10010049,Mezhda,
9372,10010051,Zhrebino,
7015,10010058,Karavelovo,
7001,10010059,Karavelovo,
8031,10010060,Boyanovo,
8200,10010061,Boyanovo,
9421,10010074,Kabile,
8033,10010075,Stroyno,Excavated by Daniela Agre
8046,10010081,Borisovo,
8036,10010082,Borisovo,
8041,10010083,Borisovo,
9428,10010169,Kabile,Excvated by Ivailo Lozanov
8010,10010159,Stroyno,
8433,10010160,Veselinovo,
8603,10010170,Kirilovo,
8648,10010165,Irechekovo,
